{
  "Random Forest": {
    "mean": 0.8525,
    "std": 0.0289,
    "scores": [
      0.8854166666666666,
      0.8795811518324608,
      0.8272251308900523,
      0.8115183246073299,
      0.8586387434554974
    ]
  },
  "SVM": {
    "mean": 0.8745,
    "std": 0.0203,
    "scores": [
      0.8958333333333334,
      0.8952879581151832,
      0.8534031413612565,
      0.8481675392670157,
      0.8795811518324608
    ]
  },
  "Logistic Regression": {
    "mean": 0.8609,
    "std": 0.0136,
    "scores": [
      0.8697916666666666,
      0.8743455497382199,
      0.8534031413612565,
      0.837696335078534,
      0.8691099476439791
    ]
  }
}